{
  "n": 30,
  "rows": {
    "band_collective": {
      "name": "band_collective",
      "n": 30,
      "mean": 0.2873767151923176,
      "ci_lo": 0.27961902224235574,
      "ci_hi": 0.29525113482201215,
      "sd": 0.022581437509326306,
      "bc": 0.3299163958818668,
      "bimodal": false
    },
    "band_labeled": {
      "name": "band_labeled",
      "n": 30,
      "mean": 26.820698634610544,
      "ci_lo": 25.79212028966117,
      "ci_hi": 27.905637558012035,
      "sd": 3.054539569297262,
      "bc": 0.4101756854302966,
      "bimodal": false
    }
  }
}