{
  "n": 30,
  "rows": {
    "response_at_tau14": {
      "name": "response_at_tau14",
      "n": 30,
      "mean": 0.5326623261313344,
      "ci_lo": 0.50702366070485,
      "ci_hi": 0.5573907831983765,
      "sd": 0.07138402211515596,
      "bc": 0.32700718013950214,
      "bimodal": false
    }
  }
}