{
  "n": 30,
  "rows": {
    "suff_collective": {
      "name": "suff_collective",
      "n": 30,
      "mean": 1.027212416924911,
      "ci_lo": 1.0230154387261412,
      "ci_hi": 1.0316859384335444,
      "sd": 0.012283647130637683,
      "bc": 0.2831021917289416,
      "bimodal": false
    },
    "suff_labeled": {
      "name": "suff_labeled",
      "n": 30,
      "mean": 0.08696110666396896,
      "ci_lo": 0.06808641367992938,
      "ci_hi": 0.106085367990545,
      "sd": 0.05437959064396049,
      "bc": 0.43073853059985956,
      "bimodal": false
    }
  }
}