{
  "n": 30,
  "rows": {
    "band_center": {
      "name": "band_center",
      "n": 30,
      "mean": 6.8116630295313225,
      "ci_lo": 6.39946260703459,
      "ci_hi": 7.3197463085608305,
      "sd": 1.3347308774439555,
      "bc": 0.6644570661328246,
      "bimodal": true
    },
    "band_tracked": {
      "name": "band_tracked",
      "n": 30,
      "mean": 1.0921445803209298,
      "ci_lo": 1.019392044537833,
      "ci_hi": 1.1642437382938287,
      "sd": 0.20603814772000975,
      "bc": 0.42490788358895015,
      "bimodal": false
    },
    "band_global": {
      "name": "band_global",
      "n": 30,
      "mean": 2.645737311138672,
      "ci_lo": 2.645737311138672,
      "ci_hi": 2.645737311138672,
      "sd": 9.033620566533923e-16,
      "bc": 1.4955489614243322,
      "bimodal": true
    }
  }
}