{
  "n": 30,
  "readers": {
    "center": {
      "mean": 0.5502777777777778,
      "ci": [
        0.5382633473254155,
        0.56229220823014
      ],
      "sem": 0.006129811455286879
    },
    "tracked": {
      "mean": 0.7899999999999999,
      "ci": [
        0.758147440748596,
        0.8218525592514039
      ],
      "sem": 0.0162513057405122
    }
  }
}