{
  "n": 30,
  "note": "reuses e7.run_switching; the E7 dissociation under C6 windowing, not independent",
  "groups": {
    "switch_intact": {
      "mean": 0.7303333333333332,
      "ci": [
        0.6624842131829201,
        0.7981824534837463
      ],
      "sem": 0.03461689803592503
    },
    "switch_ablate": {
      "mean": 0.512,
      "ci": [
        0.4939320551497656,
        0.5300679448502343
      ],
      "sem": 0.009218339209303254
    },
    "single_intact": {
      "mean": 0.7875,
      "ci": [
        0.7177866579360278,
        0.8572133420639722
      ],
      "sem": 0.03556803166529193
    },
    "single_ablate": {
      "mean": 0.7999999999999999,
      "ci": [
        0.7316510767557968,
        0.8683489232442031
      ],
      "sem": 0.034871899614389364
    }
  }
}