{
  "n": 30,
  "rows": {
    "do_chi_rule": {
      "name": "do_chi_rule",
      "n": 30,
      "mean": 0.9791044758583004,
      "ci_lo": 0.93731343105747,
      "ci_hi": 0.9999999983674893,
      "sd": 0.11444948946503117,
      "bc": 0.9881113720875269,
      "bimodal": true
    },
    "do_chi_content": {
      "name": "do_chi_content",
      "n": 30,
      "mean": 0.5617921518694662,
      "ci_lo": 0.422805794156463,
      "ci_hi": 0.7001293303181808,
      "sd": 0.3961421408125155,
      "bc": 0.6100045822921724,
      "bimodal": true
    },
    "do_route_rule": {
      "name": "do_route_rule",
      "n": 30,
      "mean": 0.510056415213156,
      "ci_lo": 0.41081069364293826,
      "ci_hi": 0.6101721773286444,
      "sd": 0.2824650235649586,
      "bc": 0.44440736980951606,
      "bimodal": false
    },
    "do_route_content": {
      "name": "do_route_content",
      "n": 30,
      "mean": 0.755126975570877,
      "ci_lo": 0.6303327670515442,
      "ci_hi": 0.8709042157651143,
      "sd": 0.3424662251416445,
      "bc": 0.7181451821577662,
      "bimodal": true
    }
  }
}