{
  "n": 30,
  "chance": 0.5,
  "rows": {
    "shared:avg_acc": {
      "name": "avg_acc",
      "n": 30,
      "mean": 0.49986111111111114,
      "ci_lo": 0.49013888888888896,
      "ci_hi": 0.5094444444444445,
      "sd": 0.02727843812358626,
      "bc": 0.22065198367512653,
      "bimodal": false
    },
    "shared:bwt": {
      "name": "bwt",
      "n": 30,
      "mean": -0.7777777777777776,
      "ci_lo": -0.8563888888888888,
      "ci_hi": -0.6830486111111111,
      "sd": 0.2519591180931814,
      "bc": 0.7597648542992063,
      "bimodal": true
    },
    "context:avg_acc": {
      "name": "avg_acc",
      "n": 30,
      "mean": 0.6613888888888889,
      "ci_lo": 0.5962465277777778,
      "ci_hi": 0.7229166666666667,
      "sd": 0.18010125575462643,
      "bc": 0.43194332236529825,
      "bimodal": false
    },
    "context:bwt": {
      "name": "bwt",
      "n": 30,
      "mean": -0.2625,
      "ci_lo": -0.3586111111111111,
      "ci_hi": -0.16972222222222222,
      "sd": 0.26430120037766147,
      "bc": 0.46729315588337905,
      "bimodal": false
    },
    "per-task:avg_acc": {
      "name": "avg_acc",
      "n": 30,
      "mean": 0.9593055555555555,
      "ci_lo": 0.9405520833333333,
      "ci_hi": 0.9755555555555556,
      "sd": 0.05057953570044958,
      "bc": 0.8199841897932445,
      "bimodal": true
    },
    "per-task:bwt": {
      "name": "bwt",
      "n": 30,
      "mean": 0.004166666666666685,
      "ci_lo": -0.0027777777777777753,
      "ci_hi": 0.011666666666666681,
      "sd": 0.020616689664451626,
      "bc": 0.23209570326390092,
      "bimodal": false
    }
  }
}