{
  "n": 20,
  "rows": {
    "homogeneous:T2": {
      "avg": [
        0.4335416666666667,
        0.42312500000000003,
        0.44396354166666663
      ]
    },
    "homogeneous:T3": {
      "avg": [
        0.43472222222222223,
        0.4219444444444445,
        0.44833333333333336
      ]
    },
    "homogeneous:T4": {
      "avg": [
        0.4263541666666667,
        0.4171875000000001,
        0.43583333333333335
      ]
    },
    "homogeneous:T5": {
      "avg": [
        0.43533333333333335,
        0.42800000000000005,
        0.4429166666666666
      ]
    },
    "homogeneous:T6": {
      "avg": [
        0.43125,
        0.4247916666666667,
        0.4376406250000001
      ]
    },
    "phase-split:T2": {
      "avg": [
        0.5545833333333333,
        0.5097916666666666,
        0.59625
      ]
    },
    "phase-split:T3": {
      "avg": [
        0.53625,
        0.5018055555555556,
        0.5686145833333334
      ]
    },
    "phase-split:T4": {
      "avg": [
        0.5310416666666666,
        0.5097916666666666,
        0.5509401041666667
      ]
    },
    "phase-split:T5": {
      "avg": [
        0.5295,
        0.5047499999999999,
        0.55325
      ]
    },
    "phase-split:T6": {
      "avg": [
        0.5286111111111111,
        0.5054166666666667,
        0.5513194444444445
      ]
    },
    "concurrent:T2": {
      "avg": [
        0.5133333333333333,
        0.47562499999999985,
        0.5506249999999999
      ]
    },
    "concurrent:T3": {
      "avg": [
        0.48624999999999996,
        0.4472222222222223,
        0.5251423611111111
      ]
    },
    "concurrent:T4": {
      "avg": [
        0.4944791666666667,
        0.47510416666666666,
        0.5121875
      ]
    },
    "concurrent:T5": {
      "avg": [
        0.5094999999999998,
        0.48516458333333323,
        0.5325
      ]
    },
    "concurrent:T6": {
      "avg": [
        0.46527777777777785,
        0.43506944444444445,
        0.49340451388888895
      ]
    }
  }
}