{
  "n": 30,
  "chance": 0.3333333333333333,
  "rows": {
    "frozen:avg_acc": {
      "name": "avg_acc",
      "n": 30,
      "mean": 0.31592592592592594,
      "ci_lo": 0.3053703703703704,
      "ci_hi": 0.3269444444444444,
      "sd": 0.030871178435727092,
      "bc": 0.4045605770869967,
      "bimodal": false
    },
    "frozen:bwt": {
      "name": "bwt",
      "n": 30,
      "mean": -0.25819444444444445,
      "ci_lo": -0.3086111111111111,
      "ci_hi": -0.20652777777777775,
      "sd": 0.14688856048647217,
      "bc": 0.3770246106223458,
      "bimodal": false
    },
    "frozen:fwt": {
      "name": "fwt",
      "n": 30,
      "mean": -0.23638888888888884,
      "ci_lo": -0.2498611111111111,
      "ci_hi": -0.22138888888888889,
      "sd": 0.040366694033926134,
      "bc": 0.5261044165839321,
      "bimodal": false
    },
    "plastic:avg_acc": {
      "name": "avg_acc",
      "n": 30,
      "mean": 0.2911111111111111,
      "ci_lo": 0.2833333333333333,
      "ci_hi": 0.299074074074074,
      "sd": 0.022630351797478753,
      "bc": 0.336829736571786,
      "bimodal": false
    },
    "plastic:bwt": {
      "name": "bwt",
      "n": 30,
      "mean": -0.1740277777777778,
      "ci_lo": -0.2254201388888889,
      "ci_hi": -0.12819097222222228,
      "sd": 0.1377400522677513,
      "bc": 0.5955782765348978,
      "bimodal": true
    },
    "plastic:fwt": {
      "name": "fwt",
      "n": 30,
      "mean": -0.23236111111111107,
      "ci_lo": -0.24402777777777776,
      "ci_hi": -0.2205555555555555,
      "sd": 0.03375600083825975,
      "bc": 0.5001695986746204,
      "bimodal": false
    }
  }
}