{
  "n": 10,
  "chance": 0.5,
  "rows": {
    "frozen:avg_acc": {
      "name": "avg_acc",
      "n": 10,
      "mean": 0.242,
      "ci_lo": 0.2165,
      "ci_hi": 0.26949999999999996,
      "sd": 0.04528919419807678,
      "bc": 0.28129354588551336,
      "bimodal": false
    },
    "frozen:bwt": {
      "name": "bwt",
      "n": 10,
      "mean": 0.021,
      "ci_lo": -0.02502499999999998,
      "ci_hi": 0.06600000000000002,
      "sd": 0.07781031065639338,
      "bc": 0.31688898283694733,
      "bimodal": false
    },
    "emergent:avg_acc": {
      "name": "avg_acc",
      "n": 10,
      "mean": 0.7789999999999999,
      "ci_lo": 0.688,
      "ci_hi": 0.861,
      "sd": 0.14910473574713254,
      "bc": 0.3512132674676092,
      "bimodal": false
    },
    "emergent:bwt": {
      "name": "bwt",
      "n": 10,
      "mean": 0.0010000000000000343,
      "ci_lo": -0.04599999999999995,
      "ci_hi": 0.05300000000000005,
      "sd": 0.08517302650748325,
      "bc": 0.36535716478407604,
      "bimodal": false
    },
    "wired:avg_acc": {
      "name": "avg_acc",
      "n": 10,
      "mean": 0.8905,
      "ci_lo": 0.843,
      "ci_hi": 0.9359999999999999,
      "sd": 0.08022364572452022,
      "bc": 0.4021579609952746,
      "bimodal": false
    },
    "wired:bwt": {
      "name": "bwt",
      "n": 10,
      "mean": -0.02400000000000001,
      "ci_lo": -0.05300000000000001,
      "ci_hi": -0.001000000000000012,
      "sd": 0.04452215428550399,
      "bc": 0.47882818219415857,
      "bimodal": false
    }
  }
}