{
  "n": 30,
  "chance": 0.5,
  "causal_lr": 2.0,
  "rows": {
    "frozen_correlational:avg_acc": {
      "name": "avg_acc",
      "n": 30,
      "mean": 0.49986111111111114,
      "ci_lo": 0.49013888888888896,
      "ci_hi": 0.5094444444444445,
      "sd": 0.02727843812358626,
      "bc": 0.22065198367512653,
      "bimodal": false
    },
    "frozen_correlational:bwt": {
      "name": "bwt",
      "n": 30,
      "mean": -0.7777777777777776,
      "ci_lo": -0.8563888888888888,
      "ci_hi": -0.6830486111111111,
      "sd": 0.2519591180931814,
      "bc": 0.7597648542992063,
      "bimodal": true
    },
    "frozen_correlational:fwt": {
      "name": "fwt",
      "n": 30,
      "mean": -0.4533333333333333,
      "ci_lo": -0.4775,
      "ci_hi": -0.41722222222222227,
      "sd": 0.08755403367213035,
      "bc": 0.8308065152577296,
      "bimodal": true
    },
    "frozen_causal:avg_acc": {
      "name": "avg_acc",
      "n": 30,
      "mean": 0.5002777777777777,
      "ci_lo": 0.4915277777777778,
      "ci_hi": 0.5088888888888887,
      "sd": 0.025307811302028988,
      "bc": 0.34073143780442977,
      "bimodal": false
    },
    "frozen_causal:bwt": {
      "name": "bwt",
      "n": 30,
      "mean": -0.3761111111111111,
      "ci_lo": -0.4927847222222222,
      "ci_hi": -0.26054166666666684,
      "sd": 0.33223045518316546,
      "bc": 0.4445698747786934,
      "bimodal": false
    },
    "frozen_causal:fwt": {
      "name": "fwt",
      "n": 30,
      "mean": -0.1872222222222222,
      "ci_lo": -0.2994444444444444,
      "ci_hi": -0.0638888888888889,
      "sd": 0.34246635691613925,
      "bc": 0.6491613859729093,
      "bimodal": true
    }
  }
}