{
  "n": 20,
  "chance": 0.5,
  "n_h": 50,
  "delays": [
    2,
    6,
    10,
    16,
    24,
    34
  ],
  "rows": {
    "homog+shared:T2": {
      "avg": [
        0.4383333333333333,
        0.42791666666666667,
        0.4489583333333333
      ],
      "bwt": [
        0.005833333333333329,
        -0.017093750000000005,
        0.027916666666666666
      ]
    },
    "homog+shared:T3": {
      "avg": [
        0.4326388888888889,
        0.4220833333333333,
        0.44375
      ],
      "bwt": [
        0.0016666666666666635,
        -0.017500000000000005,
        0.018130208333333266
      ]
    },
    "homog+shared:T4": {
      "avg": [
        0.4372916666666667,
        0.42770833333333336,
        0.44791666666666663
      ],
      "bwt": [
        -0.00013888888888888995,
        -0.016527777777777773,
        0.016809027777777732
      ]
    },
    "homog+shared:T5": {
      "avg": [
        0.44775,
        0.4366666666666667,
        0.4580833333333333
      ],
      "bwt": [
        0.005833333333333333,
        -0.007604166666666667,
        0.019374999999999996
      ]
    },
    "homog+shared:T6": {
      "avg": [
        0.43479166666666674,
        0.42736111111111114,
        0.4413888888888889
      ],
      "bwt": [
        -0.0006666666666666633,
        -0.015083333333333329,
        0.012168749999999978
      ]
    },
    "graded+shared:T2": {
      "avg": [
        0.49812499999999993,
        0.47375000000000006,
        0.5183333333333333
      ],
      "bwt": [
        -0.11874999999999998,
        -0.16458333333333333,
        -0.07874999999999999
      ]
    },
    "graded+shared:T3": {
      "avg": [
        0.5122222222222224,
        0.48722222222222217,
        0.5329166666666665
      ],
      "bwt": [
        -0.05145833333333334,
        -0.07833333333333334,
        -0.02541666666666667
      ]
    },
    "graded+shared:T4": {
      "avg": [
        0.47020833333333334,
        0.45322916666666674,
        0.48624999999999996
      ],
      "bwt": [
        -0.04125000000000001,
        -0.06361111111111109,
        -0.020555555555555556
      ]
    },
    "graded+shared:T5": {
      "avg": [
        0.4633333333333334,
        0.44491458333333334,
        0.4800000000000001
      ],
      "bwt": [
        -0.04916666666666667,
        -0.07343749999999999,
        -0.028229166666666673
      ]
    },
    "graded+shared:T6": {
      "avg": [
        0.45805555555555555,
        0.44354166666666667,
        0.47215277777777775
      ],
      "bwt": [
        -0.05783333333333333,
        -0.08116666666666666,
        -0.03766666666666667
      ]
    },
    "homog+per-task:T2": {
      "avg": [
        0.4335416666666667,
        0.42312500000000003,
        0.44396354166666663
      ],
      "bwt": [
        -0.00041666666666666794,
        -0.02583333333333332,
        0.02458333333333334
      ]
    },
    "homog+per-task:T3": {
      "avg": [
        0.43472222222222223,
        0.4219444444444445,
        0.44833333333333336
      ],
      "bwt": [
        -0.003958333333333337,
        -0.02000000000000001,
        0.011458333333333333
      ]
    },
    "homog+per-task:T4": {
      "avg": [
        0.4263541666666667,
        0.4171875000000001,
        0.43583333333333335
      ],
      "bwt": [
        -0.00666666666666667,
        -0.02138888888888889,
        0.008333333333333328
      ]
    },
    "homog+per-task:T5": {
      "avg": [
        0.43533333333333335,
        0.42800000000000005,
        0.4429166666666666
      ],
      "bwt": [
        0.011666666666666667,
        -0.0012499999999999976,
        0.024062499999999997
      ]
    },
    "homog+per-task:T6": {
      "avg": [
        0.43125,
        0.4247916666666667,
        0.4376406250000001
      ],
      "bwt": [
        -0.00975,
        -0.020416666666666666,
        0.0008333333333333304
      ]
    },
    "graded+per-task:T2": {
      "avg": [
        0.6214583333333332,
        0.5916666666666667,
        0.6525
      ],
      "bwt": [
        0.00833333333333335,
        -0.004166666666666643,
        0.021666666666666695
      ]
    },
    "graded+per-task:T3": {
      "avg": [
        0.5901388888888889,
        0.5705555555555556,
        0.6106944444444445
      ],
      "bwt": [
        0.0033333333333333314,
        -0.006041666666666662,
        0.013333333333333332
      ]
    },
    "graded+per-task:T4": {
      "avg": [
        0.5936458333333334,
        0.5736458333333333,
        0.6122916666666668
      ],
      "bwt": [
        -0.001805555555555555,
        -0.01291666666666667,
        0.008333333333333328
      ]
    },
    "graded+per-task:T5": {
      "avg": [
        0.5883333333333333,
        0.5623333333333335,
        0.6144166666666666
      ],
      "bwt": [
        0.002812500000000001,
        -0.007604166666666667,
        0.01333333333333333
      ]
    },
    "graded+per-task:T6": {
      "avg": [
        0.5752777777777778,
        0.5563194444444445,
        0.5922916666666668
      ],
      "bwt": [
        0.010333333333333335,
        0.0036645833333333305,
        0.01766666666666667
      ]
    }
  }
}