{
  "n": 20,
  "chance": 0.5,
  "n_h": 50,
  "A": 2,
  "k_stim": 4,
  "rows": {
    "shared:T2": {
      "avg_acc": [
        0.52,
        0.4703125000000002,
        0.5700000000000001
      ],
      "bwt": [
        -0.083125,
        -0.14937500000000004,
        -0.013750000000000016
      ]
    },
    "shared:T3": {
      "avg_acc": [
        0.4950000000000001,
        0.4633333333333334,
        0.525625
      ],
      "bwt": [
        -0.03937500000000001,
        -0.07218749999999999,
        -0.008437500000000004
      ]
    },
    "shared:T4": {
      "avg_acc": [
        0.4340624999999999,
        0.42000000000000004,
        0.44890625
      ],
      "bwt": [
        -0.07416666666666666,
        -0.10188020833333335,
        -0.04604166666666666
      ]
    },
    "shared:T5": {
      "avg_acc": [
        0.449,
        0.43100000000000005,
        0.46762500000000007
      ],
      "bwt": [
        -0.05796874999999999,
        -0.0775,
        -0.0390625
      ]
    },
    "shared:T6": {
      "avg_acc": [
        0.45114583333333325,
        0.438125,
        0.4651041666666666
      ],
      "bwt": [
        -0.05362500000000001,
        -0.077753125,
        -0.03087187500000004
      ]
    },
    "context:T2": {
      "avg_acc": [
        0.6425,
        0.5987500000000001,
        0.6871875000000001
      ],
      "bwt": [
        -0.07062500000000001,
        -0.12,
        -0.020000000000000004
      ]
    },
    "context:T3": {
      "avg_acc": [
        0.5745833333333333,
        0.5414583333333333,
        0.6064583333333333
      ],
      "bwt": [
        -0.0221875,
        -0.05,
        0.008437499999999997
      ]
    },
    "context:T4": {
      "avg_acc": [
        0.5140624999999999,
        0.49390625000000005,
        0.53390625
      ],
      "bwt": [
        -0.024166666666666663,
        -0.045833333333333344,
        -0.002708333333333329
      ]
    },
    "context:T5": {
      "avg_acc": [
        0.491625,
        0.46875,
        0.5135000000000001
      ],
      "bwt": [
        -0.0004687500000000025,
        -0.022500000000000003,
        0.02109375
      ]
    },
    "context:T6": {
      "avg_acc": [
        0.45218749999999996,
        0.43447916666666675,
        0.4703151041666667
      ],
      "bwt": [
        -0.009374999999999994,
        -0.0335,
        0.016124999999999997
      ]
    },
    "per-task:T2": {
      "avg_acc": [
        0.6056250000000001,
        0.5696874999999999,
        0.6443749999999999
      ],
      "bwt": [
        0.016874999999999994,
        -0.0031250000000000167,
        0.035
      ]
    },
    "per-task:T3": {
      "avg_acc": [
        0.6060416666666666,
        0.575,
        0.6337499999999999
      ],
      "bwt": [
        -0.0037500000000000146,
        -0.016250000000000014,
        0.00874999999999999
      ]
    },
    "per-task:T4": {
      "avg_acc": [
        0.6101562500000001,
        0.5815625000000002,
        0.63828125
      ],
      "bwt": [
        0.004791666666666675,
        -0.007916666666666659,
        0.01583333333333333
      ]
    },
    "per-task:T5": {
      "avg_acc": [
        0.59775,
        0.5638718749999998,
        0.6295
      ],
      "bwt": [
        -0.0012499999999999998,
        -0.013906249999999998,
        0.011874999999999991
      ]
    },
    "per-task:T6": {
      "avg_acc": [
        0.6057291666666667,
        0.5771848958333332,
        0.6341666666666667
      ],
      "bwt": [
        0.002749999999999993,
        -0.006250000000000003,
        0.011624999999999995
      ]
    }
  }
}