{
  "nf": 15,
  "correlational": [
    [
      0.01,
      0.6122222222222223,
      0.4005555555555555
    ],
    [
      0.02,
      0.6277777777777778,
      0.3655555555555556
    ],
    [
      0.05,
      0.8183333333333331,
      0.1838888888888889
    ],
    [
      0.1,
      0.8916666666666667,
      0.12166666666666665
    ],
    [
      0.2,
      0.7755555555555556,
      0.16222222222222224
    ]
  ],
  "causal": [
    [
      0.5,
      0.645,
      0.3616666666666667
    ],
    [
      1.0,
      0.7177777777777777,
      0.2788888888888889
    ],
    [
      2.0,
      0.7088888888888889,
      0.2911111111111111
    ],
    [
      4.0,
      0.49388888888888893,
      0.47333333333333333
    ],
    [
      8.0,
      0.4927777777777777,
      0.4883333333333333
    ]
  ],
  "causal_lowvar": [
    [
      1.0,
      0.7411111111111112,
      0.27666666666666667
    ],
    [
      2.0,
      0.7916666666666667,
      0.20277777777777778
    ],
    [
      4.0,
      0.6938888888888889,
      0.2966666666666667
    ],
    [
      8.0,
      0.4344444444444445,
      0.5505555555555557
    ],
    [
      16.0,
      0.4922222222222222,
      0.5077777777777779
    ]
  ]
}