{
  "n": 50,
  "rows": {
    "A": {
      "name": "A",
      "n": 50,
      "mean": 0.9258333333333334,
      "ci_lo": 0.8928333333333335,
      "ci_hi": 0.955,
      "sd": 0.11235030352850786,
      "bc": 0.7908427538424989,
      "bimodal": true
    },
    "B": {
      "name": "B",
      "n": 50,
      "mean": 0.4611666666666666,
      "ci_lo": 0.3641583333333333,
      "ci_hi": 0.5605041666666666,
      "sd": 0.3588317606153389,
      "bc": 0.5916138287019254,
      "bimodal": true
    },
    "AB": {
      "name": "AB",
      "n": 50,
      "mean": 0.9128333333333333,
      "ci_lo": 0.8696666666666667,
      "ci_hi": 0.9505000000000001,
      "sd": 0.14875913432576662,
      "bc": 0.8007261191526064,
      "bimodal": true
    }
  },
  "extra": {
    "effect_A_vs_B": 1.7476650134767797
  }
}