{
  "n": 50,
  "degrees": {
    "smallworld": 5.986666666666666,
    "ring": 6.0,
    "rgg": 5.133333333333334
  },
  "rows": {
    "smallworld_A": {
      "name": "smallworld_A",
      "n": 50,
      "mean": 0.9258333333333334,
      "ci_lo": 0.8928333333333335,
      "ci_hi": 0.955,
      "sd": 0.11235030352850786,
      "bc": 0.7908427538424989,
      "bimodal": true
    },
    "smallworld_B": {
      "name": "smallworld_B",
      "n": 50,
      "mean": 0.4611666666666666,
      "ci_lo": 0.3641583333333333,
      "ci_hi": 0.5605041666666666,
      "sd": 0.3588317606153389,
      "bc": 0.5916138287019254,
      "bimodal": true
    },
    "ring_A": {
      "name": "ring_A",
      "n": 50,
      "mean": 0.8688333333333333,
      "ci_lo": 0.7876624999999998,
      "ci_hi": 0.9371666666666667,
      "sd": 0.274728323853653,
      "bc": 0.9021116795679475,
      "bimodal": true
    },
    "ring_B": {
      "name": "ring_B",
      "n": 50,
      "mean": 0.529,
      "ci_lo": 0.42983333333333335,
      "ci_hi": 0.6278333333333334,
      "sd": 0.3622501484720568,
      "bc": 0.6142630807515187,
      "bimodal": true
    },
    "rgg_A": {
      "name": "rgg_A",
      "n": 50,
      "mean": 0.8568333333333333,
      "ci_lo": 0.780825,
      "ci_hi": 0.9208333333333333,
      "sd": 0.2563352065074911,
      "bc": 0.8187472986304803,
      "bimodal": true
    },
    "rgg_B": {
      "name": "rgg_B",
      "n": 50,
      "mean": 0.4593333333333333,
      "ci_lo": 0.36516249999999995,
      "ci_hi": 0.5578333333333333,
      "sd": 0.34909033065514156,
      "bc": 0.5813651630271035,
      "bimodal": true
    }
  }
}