{
  "n": 50,
  "rows": {
    "switch_intact": {
      "name": "switch_intact",
      "n": 50,
      "mean": 0.8330666666666667,
      "ci_lo": 0.8053333333333333,
      "ci_hi": 0.8574700000000001,
      "sd": 0.0953899741352983,
      "bc": 0.5057572345201229,
      "bimodal": false
    },
    "switch_ablate": {
      "name": "switch_ablate",
      "n": 50,
      "mean": 0.19733333333333333,
      "ci_lo": 0.18853333333333336,
      "ci_hi": 0.20639999999999997,
      "sd": 0.032963939618812915,
      "bc": 0.26914916039241044,
      "bimodal": false
    },
    "single_intact": {
      "name": "single_intact",
      "n": 50,
      "mean": 0.8415,
      "ci_lo": 0.8029999999999999,
      "ci_hi": 0.8758333333333332,
      "sd": 0.1341333355310315,
      "bc": 0.6009327324606134,
      "bimodal": true
    },
    "single_ablate": {
      "name": "single_ablate",
      "n": 50,
      "mean": 0.8276666666666667,
      "ci_lo": 0.7883291666666666,
      "ci_hi": 0.8636666666666667,
      "sd": 0.13836631849998068,
      "bc": 0.5572804958249303,
      "bimodal": true
    }
  },
  "extra": {
    "effect_switch": 8.908220309068469,
    "effect_single": 0.10151693350363981
  }
}