{
  "n": 50,
  "rows": {
    "switch_intact": {
      "name": "switch_intact",
      "n": 50,
      "mean": 0.7508,
      "ci_lo": 0.704,
      "ci_hi": 0.7936000000000001,
      "sd": 0.16600762215104733,
      "bc": 0.666614089604023,
      "bimodal": true
    },
    "switch_ablate": {
      "name": "switch_ablate",
      "n": 50,
      "mean": 0.4978,
      "ci_lo": 0.4842,
      "ci_hi": 0.5108,
      "sd": 0.04837312460109922,
      "bc": 0.3974547515695896,
      "bimodal": false
    },
    "single_intact": {
      "name": "single_intact",
      "n": 50,
      "mean": 0.7826666666666668,
      "ci_lo": 0.7316666666666667,
      "ci_hi": 0.8283374999999998,
      "sd": 0.1775992584405674,
      "bc": 0.6688929381296305,
      "bimodal": true
    },
    "single_ablate": {
      "name": "single_ablate",
      "n": 50,
      "mean": 0.7756666666666666,
      "ci_lo": 0.7221666666666667,
      "ci_hi": 0.8244999999999999,
      "sd": 0.18697557045127108,
      "bc": 0.6633787472628478,
      "bimodal": true
    }
  },
  "extra": {
    "effect_switch": 2.06924013264224
  }
}