{
  "n_e8": 50,
  "n_c": 30,
  "rows": {
    "grid_conj": {
      "name": "grid_conj",
      "n": 50,
      "mean": 0.9599266177451633,
      "ci_lo": 0.9582653435623748,
      "ci_hi": 0.9615210140093395,
      "sd": 0.005909089149613715,
      "bc": 0.36212677287620604,
      "bimodal": false
    },
    "grid_noconj": {
      "name": "grid_noconj",
      "n": 50,
      "mean": 0.14250166777851903,
      "ci_lo": 0.14034673115410273,
      "ci_hi": 0.14456971314209474,
      "sd": 0.007798238920987421,
      "bc": 0.3446820618242993,
      "bimodal": false
    },
    "trace_conj": {
      "name": "trace_conj",
      "n": 50,
      "mean": 0.15460973982655105,
      "ci_lo": 0.1522748498999333,
      "ci_hi": 0.15687124749833223,
      "sd": 0.008374687304045576,
      "bc": 0.3453263271233947,
      "bimodal": false
    }
  }
}