{
  "n_e8": 50,
  "n_c": 30,
  "rows": {
    "periodic": {
      "name": "periodic",
      "n": 50,
      "mean": 1.0,
      "ci_lo": 1.0,
      "ci_hi": 1.0,
      "sd": 0.0,
      "bc": NaN,
      "bimodal": false
    },
    "markov0.9": {
      "name": "markov0.9",
      "n": 50,
      "mean": 0.91266,
      "ci_lo": 0.9110933333333332,
      "ci_hi": 0.91416,
      "sd": 0.005608339271812569,
      "bc": 0.35335325137529255,
      "bimodal": false
    },
    "markov0.5": {
      "name": "markov0.5",
      "n": 50,
      "mean": 0.5640866666666667,
      "ci_lo": 0.5617666666666667,
      "ci_hi": 0.5663068333333334,
      "sd": 0.008383876654334906,
      "bc": 0.27036571158126327,
      "bimodal": false
    },
    "markov0.1": {
      "name": "markov0.1",
      "n": 50,
      "mean": 0.21083333333333332,
      "ci_lo": 0.20843333333333333,
      "ci_hi": 0.21328,
      "sd": 0.00875316593194711,
      "bc": 0.4116206964903627,
      "bimodal": false
    },
    "randomwalk": {
      "name": "randomwalk",
      "n": 50,
      "mean": 0.4161066666666667,
      "ci_lo": 0.4125331666666666,
      "ci_hi": 0.4196668333333334,
      "sd": 0.013154659986676944,
      "bc": 0.3925144574419308,
      "bimodal": false
    }
  }
}