{
  "n": 20,
  "P_F": 6,
  "P_S": 24,
  "rows": {
    "input+wired+two": {
      "bc": [
        0.928384103288279,
        0.9283841032882789,
        0.9283841032882792
      ],
      "near_f": 0.5,
      "near_s": 0.5,
      "frac_bimodal": 1.0
    },
    "input+emergent+two": {
      "bc": [
        0.9285313090739598,
        0.9284613475713707,
        0.9286121777311692
      ],
      "near_f": 0.5016666666666667,
      "near_s": 0.49833333333333335,
      "frac_bimodal": 1.0
    },
    "own+wired+two": {
      "bc": [
        0.8134781255718622,
        0.8004655060622089,
        0.8266103485310856
      ],
      "near_f": 0.0,
      "near_s": 0.19208333333333333,
      "frac_bimodal": 1.0
    },
    "own+emergent+two": {
      "bc": [
        0.6871697505016126,
        0.6745767818847905,
        0.700675832149114
      ],
      "near_f": 0.0,
      "near_s": 0.3058333333333333,
      "frac_bimodal": 1.0
    },
    "input+emergent+fast": {
      "bc": [
        0.7801258940334826,
        0.7694537446734873,
        0.7902994245487434
      ],
      "near_f": 0.5708333333333333,
      "near_s": 0.09625,
      "frac_bimodal": 1.0
    },
    "input+emergent+slow": {
      "bc": [
        0.5863938368726951,
        0.5620751042406466,
        0.6111936808036282
      ],
      "near_f": 0.062499999999999986,
      "near_s": 0.6004166666666666,
      "frac_bimodal": 0.75
    }
  }
}