{
  "n": 20,
  "P_F": 5,
  "P_S": 23,
  "rows": {
    "uncoupled": {
      "pac_mi": [
        6.908482689686328e-06,
        6.908482689686328e-06,
        6.908482689686328e-06
      ],
      "fast_amp": 0.20000000000000004
    },
    "coupled": {
      "pac_mi": [
        0.5937639590829644,
        0.5937639590829644,
        0.5937639590829644
      ],
      "fast_amp": 0.017500000000000005
    }
  }
}